

















{
  "cine": {
    "Cinema": {
        "local": [ "Rua Olimpíadas, 360" ],
        "hora": [
          "Filme 1: 15h50 / 18H00 / 21H10 ",
          "Filme 2: 13h30 / 16H20 / 20H00 "],
        "preco": [ "Inteira: R$35,00 Meia: R$12,50" ],
        "imagem1" : "https://i.postimg.cc/C5MBd0PX/kinoplex-vila-olimpia-1.jpg",
        "imagem2" : "https://i.postimg.cc/X7JBbVyy/kinoplex-vila-olimpia-2.jpg",
        "imagem3" : "https://i.postimg.cc/SNv2QwW1/kinoplex-vila-olimpia-3.jpg"
    }
  },
  "teatro": {
    "Teatro-NET": {
        "local": [ "Rua Olimpíadas, 360" ],
        "hora": [
          "Peça 1: 15h50 / 18H00 / 21H10 ",
          "Peça 2: 13h30 / 16H20 / 20H00 "],
        "preco": [ "Inteira: R$75,00 Meia: R$37,50" ],
        "imagem1" : "https://i.postimg.cc/8CHTc62k/tatro-net-sp-1.jpg",
        "imagem2" : "https://i.postimg.cc/kMZq29pS/theatro-net-sp-2.jpg",
        "imagem3" : "https://i.postimg.cc/0y1vCnx2/teatro-net-sp-3.jpg"
    },
    "Teatro-Décio": {
        "local": [ "Rua Cojuba, 45" ],
        "hora": [
          "Peça 1: 15h50 / 18H00 / 21H10 ",
          "Peça 2: 13h30 / 16H20 / 20H00 "],
        "preco": [ "Inteira: R$70,00 Meia: R$35,00" ],
        "imagem1" : "https://i.postimg.cc/HsGRbtMs/Teatro-Decio-1.jpg",
        "imagem2" : "https://i.postimg.cc/y8jG44bk/Teatro-Decio-2.jpg",
        "imagem3" : "https://i.postimg.cc/3wbbNj7h/Teatro-Decio-3.jpg"
    }
  },
  "expo": {
    "Exposições": {
        "local": [ "Rua Professor João Brito, 124" ],
        "hora": [
          "Abre: 10h00 ",
          "Fecha: 18h00 "],
        "preco": [ "Inteira: R$10,00 Meia: R$5,00" ],
        "imagem1" : "https://i.postimg.cc/WtLjDJL9/foto-exposicao3.jpg",
        "imagem2" : "https://i.postimg.cc/LsH9Bfqw/foto-exposicao2.jpg",
        "imagem3" : "https://i.postimg.cc/JnNSTY9Q/foto-museu3.jpg"
    }
  },
  "museus": {
    "Museu-Cirurgia-Plástica": {
        "local": [ "Rua Funchal, 129" ],
        "hora": [
          "Abre: 10h00 ",
          "Fecha: 16h00 "],
        "preco": [ "Inteira: R$20,00 Meia: R$10,00" ],
        "imagem1" : "https://i.postimg.cc/9f4sGgL0/museu-cirurgia-1.png",
        "imagem2" : "https://i.postimg.cc/h486bd1L/museu-cirurgia-3.jpg",
        "imagem3" : "https://i.postimg.cc/0jC48TyW/museu-cirurgia-2.png"
    },
    "Museus": {
        "local": [ "Rua Professor João Brito, 124" ],
        "hora": [
          "Abre: 08h00 ",
          "Fecha: 16h00 "],
        "preco": [ "Inteira: R$20,00 Meia: R$10,00" ],
        "imagem1" : "https://i.postimg.cc/0yNxzvL1/foto-museu2.jpg",
        "imagem2" : "https://i.postimg.cc/2Sjcm8gh/museu-1.jpg",
        "imagem3" : "https://i.postimg.cc/zGy6mGsv/Museu-Casa-Brasileira.jpg"
    }
  }
}